<?xml version="1.0" encoding="UTF-8"?>
<GenRun Id="impl_1" LaunchPart="xc7vx485tffg1157-1" LaunchTime="1708531458">
  <File Type="BITSTR-BMM" Name="Main_DSP_bd.bmm"/>
  <File Type="OPT-METHODOLOGY-DRC" Name="Main_DSP_methodology_drc_opted.rpt"/>
  <File Type="INIT-TIMING" Name="Main_DSP_timing_summary_init.rpt"/>
  <File Type="ROUTE-PWR" Name="Main_DSP_power_routed.rpt"/>
  <File Type="PA-TCL" Name="Main_DSP.tcl"/>
  <File Type="OPT-TIMING" Name="Main_DSP_timing_summary_opted.rpt"/>
  <File Type="OPT-DCP" Name="Main_DSP_opt.dcp"/>
  <File Type="ROUTE-PWR-SUM" Name="Main_DSP_power_summary_routed.pb"/>
  <File Type="REPORTS-TCL" Name="Main_DSP_reports.tcl"/>
  <File Type="OPT-DRC" Name="Main_DSP_drc_opted.rpt"/>
  <File Type="OPT-HWDEF" Name="Main_DSP.hwdef"/>
  <File Type="PWROPT-DCP" Name="Main_DSP_pwropt.dcp"/>
  <File Type="PWROPT-DRC" Name="Main_DSP_drc_pwropted.rpt"/>
  <File Type="PWROPT-TIMING" Name="Main_DSP_timing_summary_pwropted.rpt"/>
  <File Type="PLACE-DCP" Name="Main_DSP_placed.dcp"/>
  <File Type="PLACE-IO" Name="Main_DSP_io_placed.rpt"/>
  <File Type="PLACE-CLK" Name="Main_DSP_clock_utilization_placed.rpt"/>
  <File Type="PLACE-UTIL" Name="Main_DSP_utilization_placed.rpt"/>
  <File Type="PLACE-UTIL-PB" Name="Main_DSP_utilization_placed.pb"/>
  <File Type="PLACE-CTRL" Name="Main_DSP_control_sets_placed.rpt"/>
  <File Type="PLACE-SIMILARITY" Name="Main_DSP_incremental_reuse_placed.rpt"/>
  <File Type="PLACE-PRE-SIMILARITY" Name="Main_DSP_incremental_reuse_pre_placed.rpt"/>
  <File Type="BG-BGN" Name="Main_DSP.bgn"/>
  <File Type="PLACE-TIMING" Name="Main_DSP_timing_summary_placed.rpt"/>
  <File Type="POSTPLACE-PWROPT-DCP" Name="Main_DSP_postplace_pwropt.dcp"/>
  <File Type="BG-BIN" Name="Main_DSP.bin"/>
  <File Type="POSTPLACE-PWROPT-TIMING" Name="Main_DSP_timing_summary_postplace_pwropted.rpt"/>
  <File Type="PHYSOPT-DCP" Name="Main_DSP_physopt.dcp"/>
  <File Type="PHYSOPT-DRC" Name="Main_DSP_drc_physopted.rpt"/>
  <File Type="BITSTR-MSK" Name="Main_DSP.msk"/>
  <File Type="PHYSOPT-TIMING" Name="Main_DSP_timing_summary_physopted.rpt"/>
  <File Type="ROUTE-ERROR-DCP" Name="Main_DSP_routed_error.dcp"/>
  <File Type="ROUTE-DCP" Name="Main_DSP_routed.dcp"/>
  <File Type="ROUTE-BLACKBOX-DCP" Name="Main_DSP_routed_bb.dcp"/>
  <File Type="ROUTE-DRC" Name="Main_DSP_drc_routed.rpt"/>
  <File Type="ROUTE-DRC-PB" Name="Main_DSP_drc_routed.pb"/>
  <File Type="BITSTR-LTX" Name="debug_nets.ltx"/>
  <File Type="BITSTR-LTX" Name="Main_DSP.ltx"/>
  <File Type="ROUTE-DRC-RPX" Name="Main_DSP_drc_routed.rpx"/>
  <File Type="BITSTR-MMI" Name="Main_DSP.mmi"/>
  <File Type="ROUTE-METHODOLOGY-DRC" Name="Main_DSP_methodology_drc_routed.rpt"/>
  <File Type="ROUTE-METHODOLOGY-DRC-RPX" Name="Main_DSP_methodology_drc_routed.rpx"/>
  <File Type="BITSTR-SYSDEF" Name="Main_DSP.sysdef"/>
  <File Type="ROUTE-METHODOLOGY-DRC-PB" Name="Main_DSP_methodology_drc_routed.pb"/>
  <File Type="ROUTE-PWR-RPX" Name="Main_DSP_power_routed.rpx"/>
  <File Type="ROUTE-STATUS" Name="Main_DSP_route_status.rpt"/>
  <File Type="ROUTE-STATUS-PB" Name="Main_DSP_route_status.pb"/>
  <File Type="ROUTE-TIMINGSUMMARY" Name="Main_DSP_timing_summary_routed.rpt"/>
  <File Type="ROUTE-TIMING-PB" Name="Main_DSP_timing_summary_routed.pb"/>
  <File Type="ROUTE-TIMING-RPX" Name="Main_DSP_timing_summary_routed.rpx"/>
  <File Type="ROUTE-SIMILARITY" Name="Main_DSP_incremental_reuse_routed.rpt"/>
  <File Type="ROUTE-CLK" Name="Main_DSP_clock_utilization_routed.rpt"/>
  <File Type="ROUTE-BUS-SKEW" Name="Main_DSP_bus_skew_routed.rpt"/>
  <File Type="ROUTE-BUS-SKEW-PB" Name="Main_DSP_bus_skew_routed.pb"/>
  <File Type="ROUTE-BUS-SKEW-RPX" Name="Main_DSP_bus_skew_routed.rpx"/>
  <File Type="POSTROUTE-PHYSOPT-DCP" Name="Main_DSP_postroute_physopt.dcp"/>
  <File Type="POSTROUTE-PHYSOPT-BLACKBOX-DCP" Name="Main_DSP_postroute_physopt_bb.dcp"/>
  <File Type="POSTROUTE-PHYSOPT-TIMING" Name="Main_DSP_timing_summary_postroute_physopted.rpt"/>
  <File Type="POSTROUTE-PHYSOPT-TIMING-PB" Name="Main_DSP_timing_summary_postroute_physopted.pb"/>
  <File Type="POSTROUTE-PHYSOPT-TIMING-RPX" Name="Main_DSP_timing_summary_postroute_physopted.rpx"/>
  <File Type="POSTROUTE-PHYSOPT-BUS-SKEW" Name="Main_DSP_bus_skew_postroute_physopted.rpt"/>
  <File Type="POSTROUTE-PHYSOPT-BUS-SKEW-PB" Name="Main_DSP_bus_skew_postroute_physopted.pb"/>
  <File Type="BG-BIT" Name="Main_DSP.bit"/>
  <File Type="POSTROUTE-PHYSOPT-BUS-SKEW-RPX" Name="Main_DSP_bus_skew_postroute_physopted.rpx"/>
  <File Type="BITSTR-RBT" Name="Main_DSP.rbt"/>
  <File Type="BITSTR-NKY" Name="Main_DSP.nky"/>
  <File Type="BG-DRC" Name="Main_DSP.drc"/>
  <File Type="RDI-RDI" Name="Main_DSP.vdi"/>
  <File Type="WBT-USG" Name="usage_statistics_webtalk.html"/>
  <FileSet Name="sources" Type="DesignSrcs" RelSrcDir="$PSRCDIR/sources_1">
    <Filter Type="Srcs"/>
    <File Path="$PPRDIR/../SEC DSP.v">
      <FileInfo>
        <Attr Name="UsedIn" Val="synthesis"/>
        <Attr Name="UsedIn" Val="implementation"/>
        <Attr Name="UsedIn" Val="simulation"/>
      </FileInfo>
    </File>
    <Config>
      <Option Name="DesignMode" Val="RTL"/>
      <Option Name="TopModule" Val="Main_DSP"/>
      <Option Name="TopAutoSet" Val="TRUE"/>
    </Config>
  </FileSet>
  <FileSet Name="constrs_in" Type="Constrs" RelSrcDir="$PSRCDIR/constrs_1">
    <Filter Type="Constrs"/>
    <File Path="D:/Digital Elec. Beta/basys_master.xdc">
      <FileInfo>
        <Attr Name="UsedIn" Val="synthesis"/>
        <Attr Name="UsedIn" Val="implementation"/>
      </FileInfo>
    </File>
    <Config>
      <Option Name="ConstrsType" Val="XDC"/>
    </Config>
  </FileSet>
  <Strategy Version="1" Minor="2">
    <StratHandle Name="Vivado Implementation Defaults" Flow="Vivado Implementation 2018"/>
    <Step Id="init_design"/>
    <Step Id="opt_design"/>
    <Step Id="power_opt_design"/>
    <Step Id="place_design"/>
    <Step Id="post_place_power_opt_design"/>
    <Step Id="phys_opt_design"/>
    <Step Id="route_design"/>
    <Step Id="post_route_phys_opt_design"/>
    <Step Id="write_bitstream"/>
  </Strategy>
</GenRun>
