<?xml version="1.0" encoding="UTF-8"?>
<GenRun Id="synth_1" LaunchPart="xc7vx485tffg1157-1" LaunchTime="1708531381">
  <File Type="PA-TCL" Name="Main_DSP.tcl"/>
  <File Type="RDS-PROPCONSTRS" Name="Main_DSP_drc_synth.rpt"/>
  <File Type="REPORTS-TCL" Name="Main_DSP_reports.tcl"/>
  <File Type="RDS-RDS" Name="Main_DSP.vds"/>
  <File Type="RDS-UTIL" Name="Main_DSP_utilization_synth.rpt"/>
  <File Type="RDS-UTIL-PB" Name="Main_DSP_utilization_synth.pb"/>
  <File Type="RDS-DCP" Name="Main_DSP.dcp"/>
  <File Type="VDS-TIMINGSUMMARY" Name="Main_DSP_timing_summary_synth.rpt"/>
  <File Type="VDS-TIMING-PB" Name="Main_DSP_timing_summary_synth.pb"/>
  <FileSet Name="sources" Type="DesignSrcs" RelSrcDir="$PSRCDIR/sources_1">
    <Filter Type="Srcs"/>
    <File Path="$PPRDIR/../SEC DSP.v">
      <FileInfo>
        <Attr Name="UsedIn" Val="synthesis"/>
        <Attr Name="UsedIn" Val="implementation"/>
        <Attr Name="UsedIn" Val="simulation"/>
      </FileInfo>
    </File>
    <Config>
      <Option Name="DesignMode" Val="RTL"/>
      <Option Name="TopModule" Val="Main_DSP"/>
      <Option Name="TopAutoSet" Val="TRUE"/>
    </Config>
  </FileSet>
  <FileSet Name="constrs_in" Type="Constrs" RelSrcDir="$PSRCDIR/constrs_1">
    <Filter Type="Constrs"/>
    <File Path="D:/Digital Elec. Beta/basys_master.xdc">
      <FileInfo>
        <Attr Name="UsedIn" Val="synthesis"/>
        <Attr Name="UsedIn" Val="implementation"/>
      </FileInfo>
    </File>
    <Config>
      <Option Name="ConstrsType" Val="XDC"/>
    </Config>
  </FileSet>
  <Strategy Version="1" Minor="2">
    <StratHandle Name="Vivado Synthesis Defaults" Flow="Vivado Synthesis 2018"/>
    <Step Id="synth_design"/>
  </Strategy>
</GenRun>
